player_id,role,favorite_hero
1,Support,Moira
2,DPS,Genji
3,Tank,Moira
4,DPS,Genji
5,Support,Genji
6,Tank,Moira
7,DPS,Genji
8,DPS,Moira
9,Tank,Mauga
10,DPS,Genji
11,DPS,Genji
12,DPS,Genji
13,Tank,Genji
14,Support,Genji
15,Tank,Mauga
16,DPS,Genji
17,Support,Genji
18,Support,Moira
19,DPS,Mauga
20,Tank,Genji
21,DPS,Genji
22,Support,Moira
23,DPS,Genji
24,Support,Moira
25,Support,Moira
26,Support,Moira
27,Support,Mauga
28,DPS,Genji
29,Support,Genji
30,Support,Moira
31,Support,Moira
32,DPS,Genji
33,Tank,Mauga
34,Support,Moira
35,DPS,Genji
36,DPS,Mauga
37,Tank,Genji
38,Tank,Mauga
39,Tank,Mauga
40,Support,Genji
41,Support,Moira
42,DPS,Genji
43,Support,Moira
44,Support,Moira
45,Support,Mauga
46,DPS,Mauga
47,DPS,Genji
48,DPS,Genji
49,Support,Moira
50,Tank,Mauga
51,Tank,Mauga
52,Tank,Genji
53,Support,Moira
54,Tank,Mauga
55,Support,Genji
56,DPS,Genji
57,DPS,Genji
58,DPS,Genji
59,Tank,Mauga
60,Tank,Mauga
61,Tank,Moira
62,DPS,Genji
63,Support,Genji
64,DPS,Moira
65,DPS,Genji
66,Tank,Mauga
67,Support,Moira
68,Tank,Mauga
69,Tank,Mauga
70,Support,Moira
71,Support,Moira
72,Tank,Mauga
73,Support,Genji
74,DPS,Mauga
75,DPS,Genji
76,Support,Moira
77,DPS,Moira
78,Tank,Mauga
79,DPS,Genji
80,Tank,Mauga
81,Support,Moira
82,Support,Moira
83,DPS,Genji
84,Tank,Genji
85,Tank,Genji
86,DPS,Genji
87,Support,Moira
88,Tank,Mauga
89,Support,Moira
90,Support,Moira
91,Support,Mauga
92,Tank,Mauga
93,Support,Mauga
94,Tank,Mauga
95,Support,Moira
96,Support,Genji
97,Tank,Genji
98,Tank,Mauga
99,Support,Moira
100,DPS,Genji
101,Support,Moira
102,Support,Moira
103,DPS,Moira
104,Tank,Genji
105,Tank,Mauga
106,Support,Moira
107,Tank,Mauga
108,DPS,Mauga
109,DPS,Genji
110,Support,Moira
111,Support,Moira
112,Support,Mauga
113,DPS,Genji
114,Tank,Mauga
115,Support,Moira
116,Tank,Mauga
117,Tank,Genji
118,DPS,Genji
119,DPS,Genji
120,Support,Moira
121,Tank,Genji
122,DPS,Genji
123,DPS,Genji
124,Support,Moira
125,Support,Moira
126,DPS,Genji
127,Support,Moira
128,Tank,Mauga
129,DPS,Genji
130,DPS,Genji
131,Tank,Moira
132,Tank,Mauga
133,Tank,Mauga
134,DPS,Genji
135,DPS,Genji
136,Tank,Mauga
137,Support,Moira
138,Support,Moira
139,DPS,Genji
140,Support,Moira
141,Tank,Moira
142,Support,Moira
143,DPS,Genji
144,DPS,Genji
145,Tank,Mauga
146,Support,Moira
147,DPS,Moira
148,Support,Genji
149,DPS,Genji
150,Tank,Mauga
